Timestamp,Active_Bot_Value,Benchmark_BnH_Value,Alpha_USDT,Alpha_Percent
2026-06-27 06:24:56,100000.0,84297.08,15702.92,18.63
2026-06-27 06:28:07,100000.0,84301.26,15698.74,18.62
2026-06-27 06:29:50,100000.0,82082.65,17917.35,21.83
2026-06-27 06:35:14,100000.0,100000.0,-0.0,-0.0
2026-06-27 06:36:45,100000.0,100000.0,-0.0,-0.0
2026-06-27 11:09:32,100000.0,99999.28,0.72,0.0
2026-06-27 11:16:45,100000.0,100000.0,-0.0,-0.0
2026-06-27 15:55:40,100000.0,100000.0,-0.0,-0.0
2026-06-27 21:43:51,100000.0,100000.0,-0.0,-0.0
2026-06-28 10:13:39,100000.0,100000.0,-0.0,-0.0
2026-06-28 16:22:53,100000.0,100003.92,-3.92,-0.0
2026-06-28 21:45:35,100000.0,99991.96,8.04,0.01
2026-06-29 14:40:48,100000.0,100000.0,-0.0,-0.0
2026-06-29 21:10:30,100000.0,100000.0,-0.0,-0.0
2026-06-30 11:28:22,100000.0,100000.0,-0.0,-0.0
2026-06-30 18:24:08,100000.0,100000.0,-0.0,-0.0
2026-07-01 10:49:55,100000.0,99998.02,1.98,0.0
2026-07-01 18:33:18,100000.0,99998.16,1.84,0.0
2026-07-02 08:29:42,100000.0,99998.17,1.83,0.0
2026-07-02 16:18:20,100000.0,100002.03,-2.03,-0.0
2026-07-02 21:53:21,100000.0,100000.0,-0.0,-0.0
2026-07-03 10:15:47,100000.0,100000.0,-0.0,-0.0
2026-07-03 17:02:57,100000.0,100000.0,-0.0,-0.0
2026-07-03 21:44:33,100000.0,99985.2,14.8,0.01
2026-07-04 09:09:38,96521.32,100000.0,-3478.68,-3.48
2026-07-04 15:46:14,99902.02,99998.26,-96.25,-0.1
