Asset,Quantity,Avg_Price,Total_Value,Asset_Type
USDT,100000.0,1.0,100000.0,CASH
ETH-USD,7.942105155799052,1573.8900146484375,12500.0,BENCHMARK
SOL-USD,174.4835302414335,71.63999938964844,12500.0,BENCHMARK
LINK-USD,1700.6802941754438,7.349999904632568,12500.0,BENCHMARK
AVAX-USD,1908.3968909926991,6.550000190734863,12500.0,BENCHMARK
NEAR-USD,6948.30451790611,1.7990000247955322,12500.0,BENCHMARK
ADA-USD,84918.47637654789,0.14720000326633453,12500.0,BENCHMARK
DOT-USD,14775.413436760777,0.8460000157356262,12500.0,BENCHMARK
MATIC-USD,12500.0,1.0,12500.0,BENCHMARK
